"订单编号","标题","价格","购买数量","外部系统编号","商品属性","套餐信息","备注","订单状态","商家编码"
="1061737985391986447","美瞳年抛女小直径半年抛隐形眼镜韩国正品大牌桥本环奈同款鹿屿棕","119.00","1","YJ-JD022blue650D","颜色分类：虹膜蓝14.0半年【轻微混血】收藏加购买1副送1副;度数：650","null","null","买家已付款，等待卖家发货","YJ-JD022blue650D"
="1061906531158201153","男士学生美瞳年抛大 小直径自然混血彩色隐形近视眼镜半年抛2","280.00","1","YJ-JD019qbrown0D","颜色分类：柔光棕-年抛【收藏加购买一送二】;度数：0","null","null","买家已付款，等待卖家发货","YJ-JD019qbrown0D"
="1061206528453415316","美瞳半年抛小直径自然年抛女正品大牌bollycon同款彩色隐形眼镜2","169.00","1","YJ-JD018grey0D","颜色分类：初晴灰-2片（把眼睛变浅一个度 显白减龄）;度数：0","null","null","买家已付款，等待卖家发货","YJ-JD018grey0D"
="1061896291125579091","男士学生美瞳年抛大 小直径自然混血彩色隐形近视眼镜半年抛2","280.00","1","YJ-JD017blue175D","颜色分类：香蜜蓝-年抛【收藏加购买一送二】;度数：175","null","null","买家已付款，等待卖家发货","YJ-JD017blue175D"
="1061725985853842478","海俪恩美瞳女彩色隐形近视眼镜小直径半年抛盒自然舒适正品大牌","103.00","2","YJ-HC014balck650D","颜色分类：清新黑（值得无限回购的一款）;度数：650","null","null","买家已付款，等待卖家发货","YJ-HC014balck650D"
="1061889443541911537","博科 康乐鼻炎片 0.36g*12片*3板/盒急性鼻炎慢性鼻炎过敏性鼻炎鼻窦炎yp","9.40","3","1037392","套餐类型：标准装","null","null","买家已付款，等待卖家发货","1037392"
="1061889795390340276","凯达美瞳 隐形近视眼镜盒自动清洗器 手动自动usb电动清洗机可爱","16.80","1","YJ-KD005red","颜色分类：透明粉/电池款","null","null","买家已付款，等待卖家发货","YJ-KD005red"
="1061189216194067354","男士学生美瞳年抛大 小直径自然混血彩色隐形近视眼镜半年抛2","280.00","1","YJ-JD021black400D","颜色分类：小半黑-年抛【收藏加购买一送二】;度数：400","null","null","买家已付款，等待卖家发货","YJ-JD021black400D"
="1061883299960745782","小黑环美瞳小直径13.8mm自然半年抛盒彩色隐形近视眼镜棕色年抛女","118.00","1","YJ-JD005Black450D","颜色分类：小黑环（年抛）;度数：450","null","null","买家已付款，等待卖家发货","YJ-JD005Black450D"
="1061882307324606706","博士伦隐形影形近视眼镜护理液润明美瞳清洗液120ml小瓶装正品","110.00","1","YJ-ZH021","颜色分类：120ml+润眼液8ml","null","null","买家已付款，等待卖家发货","YJ-ZH021"
="1061181824067726468","韩国进口半年抛美瞳年抛女小直径14.5大牌彩色隐形眼镜正品官网","188.00","1","YJ-JD028brown400D","颜色分类：14.0琥珀棕 断货王【桥本同款琥珀瞳】收藏+加购买1副送1副;度数：400","null","null","买家已付款，等待卖家发货","YJ-JD028brown400D"
="596339781414675197","2片装自然美正品美瞳小直径13.8mm自然隐形近视眼镜半年抛非年抛","109.00","1","YJ-ZRM002BrownSJ0D","颜色分类：晶彩水晶棕;度数：0","null","null","买家已付款，等待卖家发货","YJ-ZRM002BrownSJ0D"
="1061014912939590219","yukicon美瞳年抛大小直径混血网红款女14.8mm欧美蓝近视隐形眼镜","180.00","1","YJ-JD017black250D","颜色分类：香蜜黑;度数：250","null","null","买家已付款，等待卖家发货","YJ-JD017black250D"
="596218884131065694","美瞳年抛女小直径半年抛隐形眼镜韩国正品大牌桥本环奈同款鹿屿棕","119.00","1","YJ-JD029brown500D","颜色分类：鹿屿棕14.0年抛【桥本环奈同款】收藏加购买1副送1副;度数：500","null","null","买家已付款，等待卖家发货","YJ-JD029brown500D"
="1061854243510423666","凯达美瞳 隐形近视眼镜盒自动清洗器 手动自动usb电动清洗机可爱","21.80","1","YJ-KD009blue","颜色分类：蘑菇蓝色/两用款","null","null","买家已付款，等待卖家发货","YJ-KD009blue"
="1061707586461655028","2片韩国neo美瞳大 小直径星空棕紫正品大牌隐形眼镜混血半年抛","180.00","1","YJ-NEO006Xbrown175D","颜色分类：星空棕;度数：175","null","null","买家已付款，等待卖家发货","YJ-NEO006Xbrown175D"
="1061700770704323340","海俪恩美瞳女彩色隐形近视眼镜小直径半年抛盒自然舒适正品大牌","103.00","2","YJ-HC001Blue0D","颜色分类：萤之光蓝（猫猫眼效果）;度数：0","null","null","买家已付款，等待卖家发货","YJ-HC001Blue0D"
="596395686518805296","海王 阿莫西林胶囊 250mg*50粒/盒 急性支气管炎、肺炎 中耳炎、鼻窦炎、咽炎、扁桃体炎 泌尿生殖道感染 淋病","8.50","2","1015450","套餐类型：标准装","null","null","买家已付款，等待卖家发货","1015450"
="1061694626353833747","海俪恩美瞳女彩色隐形近视眼镜小直径半年抛盒自然舒适正品大牌","103.00","2","YJ-HC014grey0D","颜色分类：清言灰（自然与纯净完美结合 提亮肤色效果一级棒）;度数：0","null","null","买家已付款，等待卖家发货","YJ-HC014grey0D"
="605267534441759004","明泰 血府逐瘀软胶囊 0.5g*24粒/盒 冠心病 失眠多梦心悸怔忡急躁善怒yp","48.00","1","1088486","套餐类型：标准装","null","null","买家已付款，等待卖家发货","1088486"
="1061122624671987918","海俪恩美瞳女彩色隐形近视眼镜小直径半年抛盒自然舒适正品大牌","103.00","2","YJ-HC014brown350D","颜色分类：绯丽棕（没有文案买的就对了系列  你品 你细品）;度数：350","null","null","买家已付款，等待卖家发货","YJ-HC014brown350D"
="1061684450115935536","海昌隐形近视眼镜护理液60ml*2美瞳清洗液500+120小瓶装便携保湿","16.80","1","YJ-ZH003","颜色分类：海昌spa60ml*2","null","null","买家已付款，等待卖家发货","YJ-ZH003"
="1061677090245845425","爱芙丽隐形近视眼镜年抛1片装  散光定制片矫正散光透明片舒适","358.00","2","YJ-AFL002","度数：平光","null","null","买家已付款，等待卖家发货","YJ-AFL002"
="1061648289530281075","凯达美瞳 隐形近视眼镜盒自动清洗器 手动自动usb电动清洗机可爱","18.80","1","YJ-KD006pink","颜色分类：青蛙粉色/电池款","null","null","买家已付款，等待卖家发货","YJ-KD006pink"
="1061112768675950746","美瞳年抛女小直径半年抛隐形眼镜韩国正品大牌桥本环奈同款鹿屿棕","119.00","1","YJ-JD029brown0D","颜色分类：鹿屿棕14.0年抛【桥本环奈同款】收藏加购买1副送1副;度数：0","null","null","买家已付款，等待卖家发货","YJ-JD029brown0D"
="605303855265965101","海俪恩美瞳女彩色隐形近视眼镜小直径半年抛盒自然舒适正品大牌","103.00","2","YJ-HC004grey600D","颜色分类：轻语灰-春夏新款（百搭神器 接近满分的一款 ）;度数：600","null","null","买家已付款，等待卖家发货","YJ-HC004grey600D"
="1061660386363175351","博士伦隐形影形近视眼镜护理液润明美瞳清洗液120ml小瓶装正品","110.00","1","YJ-ZH020","颜色分类：120ml*2","null","null","买家已付款，等待卖家发货","YJ-ZH020"
="1061102624297850563","海昌隐形近视眼镜护理液60ml*2美瞳清洗液500+120小瓶装便携保湿","16.80","1","YJ-ZH003","颜色分类：海昌spa60ml*2","null","null","买家已付款，等待卖家发货","YJ-ZH003"
="605303151548748600","海昌隐形近视眼镜护理液60ml*2美瞳清洗液500+120小瓶装便携保湿","14.80","1","YJ-HC089","颜色分类：海昌营养视护能120ml*1（有效期2021年3月）","null","null","买家已付款，等待卖家发货","YJ-HC089"
="605303151548748600","海昌隐形近视眼镜护理液60ml*2美瞳清洗液500+120小瓶装便携保湿","16.80","1","YJ-ZH003","颜色分类：海昌spa60ml*2","null","null","买家已付款，等待卖家发货","YJ-ZH003"
="605303151548748600","海俪恩美瞳女彩色隐形近视眼镜小直径半年抛盒自然舒适正品大牌","103.00","2","YJ-HC001Blue450D","颜色分类：萤之光蓝（猫猫眼效果）;度数：450","null","null","买家已付款，等待卖家发货","YJ-HC001Blue450D"
="1061627201071951210","海俪恩美瞳女彩色隐形近视眼镜小直径半年抛自然舒适正品大牌1","103.00","2","YJ-HC004grey250D","颜色分类：轻语灰-春夏新款（百搭神器 接近满分的一款 ）;度数：250","null","null","买家已付款，等待卖家发货","YJ-HC004grey250D"
="1061627201071951210","海俪恩隐形眼镜森呼吸多效护理液大小瓶500+120ml美瞳保湿除蛋白","68.00","1","YJ-HC087","null","null","null","买家已付款，等待卖家发货","YJ-HC087"
="605265902094048604","司沃康svakom成人玩具抗菌液100ml自慰器消毒抑菌液清洁喷雾剂BQ","118.00","2","HTXDY001","颜色分类：抗菌液100ML","null","null","买家已付款，等待卖家发货","HTXDY001"
="1061615873244453842","进口pjur阴道润滑油剂液人体夫妻房事女水溶性情趣免洗私处精油BQ","516.00","1","HTPJUR001","颜色分类：绿色瓶_滋润型100ml+礼品","null","null","买家已付款，等待卖家发货","HTPJUR001"
="1061612961280750536","男士学生美瞳年抛大 小直径自然混血彩色隐形近视眼镜半年抛2","280.00","1","YJ-JD017black100D","颜色分类：香蜜黑-年抛【收藏加购买一送二】;度数：100","null","null","买家已付款，等待卖家发货","YJ-JD017black100D"
="596392230019856499","博士伦隐形影形近视眼镜护理液润明美瞳清洗液120ml小瓶装正品","110.00","1","YJ-BSL034","颜色分类：120ml","null","null","买家已付款，等待卖家发货","YJ-BSL034"
="1061612737022925140","海俪恩美瞳女彩色隐形近视眼镜小直径半年抛盒自然舒适正品大牌","103.00","2","YJ-HC001Black275D","颜色分类：萤之光黑（斩男神器 初恋般清澈少女瞳）;度数：275","null","null","买家已付款，等待卖家发货","YJ-HC001Black275D"
="1061771171951124515","博士伦隐形影形近视眼镜护理液润明美瞳清洗液120ml小瓶装正品","110.00","1","YJ-ZH020","颜色分类：120ml*2","null","null","买家已付款，等待卖家发货","YJ-ZH020"
="1061604097717389153","海昌隐形近视眼镜护理液60ml*2美瞳清洗液500+120小瓶装便携保湿","14.80","1","YJ-HC089","颜色分类：海昌营养视护能120ml*1（有效期2021年3月）","null","null","买家已付款，等待卖家发货","YJ-HC089"
="1061633858129294873","凯达美瞳 隐形近视眼镜盒自动清洗器 手动自动usb电动清洗机可爱","18.80","1","YJ-KD006greenQW","颜色分类：青蛙绿色/电池款","null","null","买家已付款，等待卖家发货","YJ-KD006greenQW"
="1061628770764754951","海昌隐形近视眼镜护理液60ml*2美瞳清洗液500+120小瓶装便携保湿","16.80","1","YJ-ZH003","颜色分类：海昌spa60ml*2","null","null","买家已付款，等待卖家发货","YJ-ZH003"
="1061060768394477825","进口pjur阴道润滑油剂液人体夫妻房事女水溶性情趣免洗私处精油BQ","516.00","1","HTPJUR002","颜色分类：蓝色瓶_水基型100ml+礼品","null","null","买家已付款，等待卖家发货","HTPJUR002"
="1061590785190124946","韩国进口半年抛美瞳年抛女小直径14.5大牌彩色隐形眼镜正品官网","188.00","1","YJ-JD020brown600D","颜色分类：14.5小亚麻棕【微混血】收藏+加购买1副送1副;度数：600","null","null","买家已付款，等待卖家发货","YJ-JD020brown600D"
="1061751299704200756","博士伦隐形影形近视眼镜护理液润明美瞳清洗液120ml小瓶装正品","110.00","1","YJ-ZH020","颜色分类：120ml*2","null","null","买家已付款，等待卖家发货","YJ-ZH020"
="1061585217671928392","凯达美瞳 隐形近视眼镜盒自动清洗器 手动自动usb电动清洗机可爱","18.80","1","YJ-KD006greenQW","颜色分类：青蛙绿色/电池款","null","null","买家已付款，等待卖家发货","YJ-KD006greenQW"
="1061052512250387169","男士美瞳小直径半年抛年抛女彩色隐形近视眼镜学生自然黑环男生","109.00","1","YJ-JD017blue300D","颜色分类：冰露蓝;度数：300","null","null","买家已付款，等待卖家发货","YJ-JD017blue300D"
="1061053664044915710","男士学生美瞳年抛大 小直径自然混血彩色隐形近视眼镜半年抛2","280.00","1","YJ-JD005Black375D","颜色分类：小黑环-年抛【收藏加购买一送二】;度数：375","null","null","买家已付款，等待卖家发货","YJ-JD005Black375D"
="1061579489401273247","2片雾黎美瞳年抛女小直径自然acelens隐形眼镜半年抛官网正品大牌","188.00","1","YJ-JD016brown275D","颜色分类：漫木褐14.0【网红爆款】;度数：275","null","null","买家已付款，等待卖家发货","YJ-JD016brown275D"
="1061578273414144959","韩国进口半年抛美瞳年抛女小直径14.5大牌彩色隐形眼镜正品官网","188.00","1","YJ-JD028brown400D","颜色分类：14.0琥珀棕 断货王【桥本同款琥珀瞳】收藏+加购买1副送1副;度数：400","null","null","买家已付款，等待卖家发货","YJ-JD028brown400D"
="605263374455615605","日本rich美瞳日抛30片装网红款混血隐形眼镜大 小直径envie梨花女","654.00","1","YJ-RS001brown200D","颜色分类：橄榄棕（代购热销款）;度数：200","null","null","买家已付款，等待卖家发货","YJ-RS001brown200D"
="1061579169083918117","男士学生美瞳年抛大 小直径自然混血彩色隐形近视眼镜半年抛2","280.00","1","YJ-JD027black275D","颜色分类：奥德利黑糖黑-年抛【收藏加购买一送二】;度数：275","null","null","买家已付款，等待卖家发货","YJ-JD027black275D"
="1061597730939843445","日本Rich美瞳日抛盒10片彩色近视隐形眼镜大 小直径自然混血envie","218.00","1","YJ-RS001Tbrown150D","颜色分类：甜心棕(微博小红书推荐款);度数：150","null","null","买家已付款，等待卖家发货","YJ-RS001Tbrown150D"
="1061568417943369077","男士学生美瞳年抛大 小直径自然混血彩色隐形近视眼镜半年抛2","280.00","1","YJ-JD017blue225D","颜色分类：香蜜蓝-年抛【收藏加购买一送二】;度数：225","null","null","买家已付款，等待卖家发货","YJ-JD017blue225D"
="1061030528736510550","博士伦隐形影形近视眼镜护理液润明美瞳清洗液120ml小瓶装正品","110.00","1","YJ-BSL023","颜色分类：500ml+60ml+润眼液","null","null","买家已付款，等待卖家发货","YJ-BSL023"
="1061032256405743861","海俪恩美瞳女彩色隐形近视眼镜小直径半年抛盒自然舒适正品大牌","103.00","1","YJ-HC001Blue500D","颜色分类：萤之光蓝（猫猫眼效果）;度数：500","null","null","买家已付款，等待卖家发货","YJ-HC001Blue500D"
="1061721699877213030","韩国进口半年抛美瞳年抛女小直径14.5大牌彩色隐形眼镜正品官网","188.00","1","YJ-JD025gray0D","颜色分类：14.5奶盖灰【气质女神】收藏+加购买1副送1副;度数：0","null","null","买家已付款，等待卖家发货","YJ-JD025gray0D"
="1061585378292077673","美瞳年抛女小直径半年抛隐形眼镜韩国正品大牌桥本环奈同款鹿屿棕","119.00","1","YJ-JD016grey350D","颜色分类：雾珀灰14.0半年【性感混血】收藏加购买1副送1副;度数：350","null","null","买家已付款，等待卖家发货","YJ-JD016grey350D"
="1061582562609592229","男士学生美瞳年抛大 小直径自然混血彩色隐形近视眼镜半年抛2","280.00","1","YJ-JD027black0D","颜色分类：奥德利黑糖黑-年抛【收藏加购买一送二】;度数：0","null","null","买家已付款，等待卖家发货","YJ-JD027black0D"
="1061021664961486063","美瞳半年抛小直径自然年抛女正品大牌bollycon同款彩色隐形眼镜2","169.00","1","YJ-JD030pink0D","颜色分类：潘神-丘比色（温柔中带一点属于小女生的甜美感）;度数：0","null","null","买家已付款，等待卖家发货","YJ-JD030pink0D"
="596330085842701598","博士伦隐形影形近视眼镜护理液润明美瞳清洗液120ml小瓶装正品","110.00","1","YJ-BSL034","颜色分类：120ml","null","null","买家已付款，等待卖家发货","YJ-BSL034"
="1061547041190420857","韩国进口半年抛美瞳年抛女小直径14.5大牌彩色隐形眼镜正品官网","188.00","1","YJ-JD028grey350D","颜色分类：14.0琥珀灰 【日常百搭】收藏+加购买1副送1副;度数：350","null","null","买家已付款，等待卖家发货","YJ-JD028grey350D"
="1061014464407632727","男士学生美瞳年抛大 小直径自然混血彩色隐形近视眼镜半年抛2","280.00","1","YJ-JD017brown250D","颜色分类：香蜜棕-年抛【收藏加购买一送二】;度数：250","null","null","买家已付款，等待卖家发货","YJ-JD017brown250D"
="1061010720643545824","博士伦美瞳隐形近视眼镜护理液博乐纯清洗液60ml*2便携旅行体验装","118.00","1","YJ-ZH029","颜色分类：博乐纯60ml单瓶+清透120ml（赠）","null","null","买家已付款，等待卖家发货","YJ-ZH029"
="1061538241558651482","男士学生美瞳年抛大 小直径自然混血彩色隐形近视眼镜半年抛2","280.00","1","YJ-JD017black450D","颜色分类：香蜜黑-年抛【收藏加购买一送二】;度数：450","null","null","买家已付款，等待卖家发货","YJ-JD017black450D"
="605261358097299500","美瞳半年抛小直径自然年抛女正品大牌bollycon同款彩色隐形眼镜2","169.00","1","YJ-JD025pink400D","颜色分类：彗星粉-2片（温柔自然的初恋瞳）;度数：400","null","null","买家已付款，等待卖家发货","YJ-JD025pink400D"
="1061008768484085588","海昌隐形近视眼镜护理液60ml*2美瞳清洗液500+120小瓶装便携保湿","16.80","1","YJ-ZH003","颜色分类：海昌spa60ml*2","null","null","买家已付款，等待卖家发货","YJ-ZH003"
="1061703107790500780","neo韩国进口acelens美瞳女年抛隐形眼镜小直径混血灰官网正品大牌","80.00","2","YJ-NEO002XBlack800D","颜色分类：小可爱黑;度数：800","null","null","买家已付款，等待卖家发货","YJ-NEO002XBlack800D"
="1061561378829582060","海昌隐形近视眼镜护理液60ml*2美瞳清洗液500+120小瓶装便携保湿","16.80","1","YJ-ZH003","颜色分类：海昌spa60ml*2","null","null","买家已付款，等待卖家发货","YJ-ZH003"
="1061002528932489662","美瞳半年抛小直径自然年抛女正品大牌bollycon同款彩色隐形眼镜2","169.00","1","YJ-JD022brown500D","颜色分类：虹膜棕-2片（4D混血虹膜款）;度数：500","null","null","买家已付款，等待卖家发货","YJ-JD022brown500D"
="1061700867473875023","海俪恩美瞳女彩色隐形近视眼镜小直径半年抛盒自然舒适正品大牌","103.00","1","YJ-HC014balck600D","颜色分类：清新黑（值得无限回购的一款）;度数：600","null","null","买家已付款，等待卖家发货","YJ-HC014balck600D"
="1061700867473875023","海俪恩美瞳女彩色隐形近视眼镜小直径半年抛盒自然舒适正品大牌","103.00","1","YJ-HC014balck400D","颜色分类：清新黑（值得无限回购的一款）;度数：400","null","null","买家已付款，等待卖家发货","YJ-HC014balck400D"
="1061699555649845716","2片雾黎美瞳年抛女小直径自然acelens隐形眼镜半年抛官网正品大牌","188.00","1","YJ-JD022brown475D","颜色分类：金粉奶奶・棕【约会必备】;度数：475","null","null","买家已付款，等待卖家发货","YJ-JD022brown475D"
="605296623266632501","萌哆奇隐形眼镜护理液120mlx2小瓶装近视隐形眼境美瞳女清洗液","38.80","1","YJ-ZH042","null","null","null","买家已付款，等待卖家发货","YJ-ZH042"
="1061701315271351851","安瞳隐形眼镜护理液60ml*4小瓶美瞳清洗保湿除蛋白便携旅行飞机装","89.00","1","YJ-AT012","null","null","null","买家已付款，等待卖家发货","YJ-AT012"
="1060999616571163562","男士学生美瞳年抛大 小直径自然混血彩色隐形近视眼镜半年抛2","280.00","1","YJ-JD027brown325D","颜色分类：奥德利黑糖棕-年抛【收藏加购买一送二】;度数：325","null","null","买家已付款，等待卖家发货","YJ-JD027brown325D"
="1061694403537489662","美瞳年抛女小直径半年抛隐形眼镜韩国正品大牌桥本环奈同款鹿屿棕","119.00","1","YJ-JD029brown500D","颜色分类：鹿屿棕14.0年抛【桥本环奈同款】收藏加购买1副送1副;度数：500","null","null","买家已付款，等待卖家发货","YJ-JD029brown500D"
="1061519841709084669","凯达美瞳 隐形近视眼镜盒自动清洗器 手动自动usb电动清洗机可爱","21.80","1","YJ-KD009yel","颜色分类：蘑菇黄色/两用款","null","null","买家已付款，等待卖家发货","YJ-KD009yel"
="605109548352540205","凯达美瞳 隐形近视眼镜盒自动清洗器 手动自动usb电动清洗机可爱","21.80","1","YJ-KD014white","颜色分类：白鸭子/两用款","null","null","买家已付款，等待卖家发货","YJ-KD014white"
="1060989472333500780","neo韩国进口acelens美瞳女年抛隐形眼镜小直径混血灰官网正品大牌","80.00","2","YJ-HC067ZRBL800D","颜色分类：自然目黑;度数：800","null","null","交易关闭","YJ-HC067ZRBL800D"
="1060989472333500780","neo韩国进口acelens美瞳女年抛隐形眼镜小直径混血灰官网正品大牌","80.00","2","YJ-HC067ZRBL750D","颜色分类：自然目黑;度数：750","null","null","买家已付款，等待卖家发货","YJ-HC067ZRBL750D"
="1061686755050839159","凯达美瞳 隐形近视眼镜盒自动清洗器 手动自动usb电动清洗机可爱","21.80","1","YJ-KD009yel","颜色分类：蘑菇黄色/两用款","null","null","买家已付款，等待卖家发货","YJ-KD009yel"
="1061510785501466844","韩国进口半年抛美瞳年抛女小直径14.5大牌彩色隐形眼镜正品官网","188.00","1","YJ-JD028grey200D","颜色分类：14.0琥珀灰 【日常百搭】收藏+加购买1副送1副;度数：200","null","null","买家已付款，等待卖家发货","YJ-JD028grey200D"
="1061506849768210327","隐形眼镜盒便携双联近视可爱女伴侣盒简约清新收纳美瞳盒子网红款","35.80","1","YJ-KD037white","颜色分类：白色","null","null","买家已付款，等待卖家发货","YJ-KD037white"
="1061506849768210327","博士伦隐形影形近视眼镜护理液润明美瞳清洗液120ml小瓶装正品","110.00","1","YJ-BSL034","颜色分类：120ml","null","null","买家已付款，等待卖家发货","YJ-BSL034"
="1061506849768210327","男士学生美瞳年抛大 小直径自然混血彩色隐形近视眼镜半年抛2","280.00","1","YJ-JD017gray325D","颜色分类：香蜜灰-年抛【收藏加购买一送二】;度数：325","null","null","买家已付款，等待卖家发货","YJ-JD017gray325D"
="1060981312295383929","凯达美瞳 隐形近视眼镜盒自动清洗器 手动自动usb电动清洗机可爱","18.80","1","YJ-KD006greenQW","颜色分类：青蛙绿色/电池款","null","null","买家已付款，等待卖家发货","YJ-KD006greenQW"
="1061672579435829781","安瞳隐形眼镜护理液60ml*4小瓶美瞳清洗保湿除蛋白便携旅行飞机装","89.00","1","YJ-AT012","null","null","null","买家已付款，等待卖家发货","YJ-AT012"
="1061503681282201213","虹膜美瞳半年抛小直径13.8mm自然正品大牌年抛女隐形眼镜仿生瞳棕","188.00","1","YJ-JD022grey450D","颜色分类：虹膜灰（学生党必备！天生浅瞳妈生色 素颜淡妆都能hold住）;度数：450","null","null","买家已付款，等待卖家发货","YJ-JD022grey450D"
="1061496577544032186","海俪恩美瞳女彩色隐形近视眼镜小直径半年抛盒自然舒适正品大牌","103.00","2","YJ-HC014pink375D","颜色分类：落英粉棕（一秒陷入你的温柔乡）;度数：375","null","null","买家已付款，等待卖家发货","YJ-HC014pink375D"
="596385318037258994","美瞳年抛女小直径半年抛隐形眼镜韩国正品大牌桥本环奈同款鹿屿棕","119.00","1","YJ-JD029brown0D","颜色分类：鹿屿棕14.0年抛【桥本环奈同款】收藏加购买1副送1副;度数：0","null","null","买家已付款，等待卖家发货","YJ-JD029brown0D"
="1061517858985550319","海俪恩美瞳女彩色隐形近视眼镜小直径半年抛盒自然舒适正品大牌","103.00","2","YJ-HC001Gray525D","颜色分类：萤之光灰（通勤素颜款提亮双眼更加无辜 ）;度数：525","null","null","买家已付款，等待卖家发货","YJ-HC001Gray525D"
="1060959360610333869","博士伦隐形影形近视眼镜护理液润明美瞳清洗液120ml小瓶装正品","110.00","1","YJ-BSL034","颜色分类：120ml","null","null","买家已付款，等待卖家发货","YJ-BSL034"
="1061514658059145368","海俪恩美瞳女彩色隐形近视眼镜小直径半年抛盒自然舒适正品大牌","103.00","1","YJ-HC014balck100D","颜色分类：清新黑（值得无限回购的一款）;度数：100","null","null","买家已付款，等待卖家发货","YJ-HC014balck100D"
="1061644707290652632","博士伦隐形影形近视眼镜护理液润明美瞳清洗液120ml小瓶装正品","110.00","1","YJ-BSL034","颜色分类：120ml","null","null","买家已付款，等待卖家发货","YJ-BSL034"
="1061500898787495008","海昌隐形近视眼镜护理液60ml*2美瞳清洗液500+120小瓶装便携保湿","14.80","1","YJ-HC089","颜色分类：海昌营养视护能120ml*1（有效期2021年3月）","null","null","买家已付款，等待卖家发货","YJ-HC089"
="1061503810304622892","neo 韩国隐形眼镜美瞳小直径13.8mm女学生自然小黑环巧克力半年抛","198.00","2","YJ-NEO004XBrown375D","颜色分类：NC014小巧环;度数：375","null","null","买家已付款，等待卖家发货","YJ-NEO004XBrown375D"
="1061640035329538210","海昌隐形近视眼镜护理液60ml*2美瞳清洗液500+120小瓶装便携保湿","26.80","1","YJ-ZH022","颜色分类：海昌营养视护能120*2（有效期2021年3月）","null","null","买家已付款，等待卖家发货","YJ-ZH022"
="605292399012656201","凯达美瞳 隐形近视眼镜盒自动清洗器 手动自动usb电动清洗机可爱","18.80","1","YJ-KD006pink","颜色分类：青蛙粉色/电池款","null","null","买家已付款，等待卖家发货","YJ-KD006pink"
="1060935584969359655","envie日抛美瞳10片装自然大小直径彩色隐形近视眼镜网红同款","280.00","1","YJ-MDQ007brown350D","颜色分类：菁奇棕;度数：350","null","null","买家已付款，等待卖家发货","YJ-MDQ007brown350D"
="1061456641744075912","博士伦隐形影形近视眼镜护理液润明美瞳清洗液120ml小瓶装正品","110.00","1","YJ-BSL034","颜色分类：120ml","null","null","买家已付款，等待卖家发货","YJ-BSL034"
="1061626339340428806","凯达美瞳 隐形近视眼镜盒自动清洗器 手动自动usb电动清洗机可爱","21.80","1","YJ-KD009yel","颜色分类：蘑菇黄色/两用款","null","null","买家已付款，等待卖家发货","YJ-KD009yel"
="1061624451625473180","凯达美瞳 隐形近视眼镜盒自动清洗器 手动自动usb电动清洗机可爱","23.80","1","YJ-KD007red","颜色分类：章鱼款/电池款","null","null","买家已付款，等待卖家发货","YJ-KD007red"
="1061456161315931772","海昌隐形近视眼镜护理液60ml*2美瞳清洗液500+120小瓶装便携保湿","14.80","1","YJ-HC089","颜色分类：海昌营养视护能120ml*1（有效期2021年3月）","null","null","买家已付款，等待卖家发货","YJ-HC089"
="1061484418139327114","yukicon美瞳年抛大小直径混血网红款女14.8mm欧美蓝近视隐形眼镜","180.00","1","YJ-NO001Bbrown375D","颜色分类：大地黑咖棕;度数：375","null","null","买家已付款，等待卖家发货","YJ-NO001Bbrown375D"
="1061618851864350808","虹膜美瞳半年抛小直径13.8mm自然正品大牌年抛女隐形眼镜仿生瞳棕","188.00","1","YJ-JD022blue0D","颜色分类：虹膜蓝（超自然的仿真瞳，极致融瞳不突兀）;度数：0","null","null","买家已付款，等待卖家发货","YJ-JD022blue0D"
="1060917760420917450","美瞳年抛女小直径半年抛隐形眼镜韩国正品大牌桥本环奈同款鹿屿棕","119.00","1","YJ-JD029brown200D","颜色分类：鹿屿棕14.0年抛【桥本环奈同款】收藏加购买1副送1副;度数：200","null","null","买家已付款，等待卖家发货","YJ-JD029brown200D"
="605253326873465001","韩国进口半年抛美瞳年抛女小直径14.5大牌彩色隐形眼镜正品官网","188.00","1","YJ-NO002grey375D","颜色分类：14.2黎笙墨灰【韩国进口】收藏+加购买1副送1副;度数：375","null","null","买家已付款，等待卖家发货","YJ-NO002grey375D"
="1061463522219817354","博士伦隐形影形近视眼镜护理液润明美瞳清洗液120ml小瓶装正品","110.00","1","YJ-BSL034","颜色分类：120ml","null","null","买家已付款，等待卖家发货","YJ-BSL034"
="1061463234168728708","美瞳半年抛小直径自然年抛女正品大牌bollycon同款彩色隐形眼镜2","169.00","1","YJ-JD025pink550D","颜色分类：彗星粉-2片（温柔自然的初恋瞳）;度数：550","null","null","买家已付款，等待卖家发货","YJ-JD025pink550D"
="1061429793956487423","博士伦隐形影形近视眼镜护理液润明美瞳清洗液120ml小瓶装正品","110.00","1","YJ-BSL034","颜色分类：120ml","null","null","买家已付款，等待卖家发货","YJ-BSL034"
="1061459586368813078","博士伦隐形影形近视眼镜护理液润明美瞳清洗液120ml小瓶装正品","110.00","1","YJ-BSL023","颜色分类：500ml+60ml+润眼液","null","null","买家已付款，等待卖家发货","YJ-BSL023"
="1060898848257087806","海昌隐形近视眼镜护理液60ml*2美瞳清洗液500+120小瓶装便携保湿","14.80","1","YJ-HC089","颜色分类：海昌营养视护能120ml*1（有效期2021年3月）","null","null","买家已付款，等待卖家发货","YJ-HC089"
="1060890272919110673","美瞳半年抛小直径自然年抛女正品大牌bollycon同款彩色隐形眼镜2","169.00","1","YJ-JD025pink225D","颜色分类：彗星粉-2片（温柔自然的初恋瞳）;度数：225","null","null","买家已付款，等待卖家发货","YJ-JD025pink225D"
="1061585027624562371","博士伦隐形影形近视眼镜护理液润明美瞳清洗液120ml小瓶装正品","110.00","1","YJ-BSL034","颜色分类：120ml","null","null","买家已付款，等待卖家发货","YJ-BSL034"
="1061414593549513368","男士学生美瞳年抛大 小直径自然混血彩色隐形近视眼镜半年抛2","280.00","1","YJ-JD005Black100D","颜色分类：小黑环-年抛【收藏加购买一送二】;度数：100","null","null","买家已付款，等待卖家发货","YJ-JD005Black100D"
="1061411457973337372","2片装自然美正品美瞳小直径13.8mm自然隐形近视眼镜半年抛非年抛","109.00","1","YJ-ZRMYC001Gray175D","颜色分类：盈彩0833灰色;度数：175","null","null","买家已付款，等待卖家发货","YJ-ZRMYC001Gray175D"
="1061411457973337372","2片装自然美正品美瞳小直径13.8mm自然隐形近视眼镜半年抛非年抛","109.00","1","YJ-ZRMYC001Gray225D","颜色分类：盈彩0833灰色;度数：225","null","null","买家已付款，等待卖家发货","YJ-ZRMYC001Gray225D"
="1061441282292022372","美瞳年抛女小直径半年抛隐形眼镜韩国正品大牌桥本环奈同款鹿屿棕","119.00","1","YJ-JD029brown0D","颜色分类：鹿屿棕14.0年抛【桥本环奈同款】收藏加购买1副送1副;度数：0","null","null","买家已付款，等待卖家发货","YJ-JD029brown0D"
="1061430882536934660","博士伦隐形影形近视眼镜护理液润明美瞳清洗液120ml小瓶装正品","110.00","1","YJ-BSL034","颜色分类：120ml","null","null","买家已付款，等待卖家发货","YJ-BSL034"
="1061404289556689762","博士伦隐形影形近视眼镜护理液润明美瞳清洗液120ml小瓶装正品","110.00","1","YJ-BSL034","颜色分类：120ml","null","null","买家已付款，等待卖家发货","YJ-BSL034"
="1060869280743466353","neo 韩国隐形眼镜美瞳小直径13.8mm女学生自然小黑环巧克力半年抛","198.00","1","YJ-NEO004XBrown450D","颜色分类：NC014小巧环;度数：450","null","null","买家已付款，等待卖家发货","YJ-NEO004XBrown450D"
="1060869280743466353","neo 韩国隐形眼镜美瞳小直径13.8mm女学生自然小黑环巧克力半年抛","198.00","1","YJ-NEO004XBrown425D","颜色分类：NC014小巧环;度数：425","null","null","买家已付款，等待卖家发货","YJ-NEO004XBrown425D"
="1061566915289776380","男士学生美瞳年抛大 小直径自然混血彩色隐形近视眼镜半年抛2","280.00","1","YJ-JD019qbrown0D","颜色分类：柔光棕-年抛【收藏加购买一送二】;度数：0","null","null","买家已付款，等待卖家发货","YJ-JD019qbrown0D"
="1061427714099365161","韩国进口半年抛美瞳年抛女小直径14.5大牌彩色隐形眼镜正品官网","188.00","1","YJ-NO002black525D","颜色分类：14.2大美目黑【自然流行】收藏+加购买1副送1副;度数：525","null","null","买家已付款，等待卖家发货","YJ-NO002black525D"
="1061568067043978375","海俪恩美瞳女彩色隐形近视眼镜小直径半年抛盒自然舒适正品大牌","103.00","2","YJ-HC001Gray500D","颜色分类：萤之光灰（通勤素颜款提亮双眼更加无辜 ）;度数：500","null","null","买家已付款，等待卖家发货","YJ-HC001Gray500D"
="1060872064026580654","小黑环美瞳小直径13.8mm自然半年抛盒彩色隐形近视眼镜棕色年抛女","118.00","1","YJ-JD005Brown100D","颜色分类：小棕环（年抛）;度数：100","null","null","买家已付款，等待卖家发货","YJ-JD005Brown100D"
="1060868480412195415","小黑环美瞳小直径13.8mm自然半年抛盒彩色隐形近视眼镜棕色年抛女","118.00","1","YJ-JD005Brown150D","颜色分类：小棕环（年抛）;度数：150","null","null","买家已付款，等待卖家发货","YJ-JD005Brown150D"
="1061421954387909913","海昌隐形近视眼镜护理液60ml*2美瞳清洗液500+120小瓶装便携保湿","16.80","1","YJ-ZH003","颜色分类：海昌spa60ml*2","null","null","买家已付款，等待卖家发货","YJ-ZH003"
="1061421634323525687","博士伦隐形影形近视眼镜护理液润明美瞳清洗液120ml小瓶装正品","110.00","1","YJ-BSL034","颜色分类：120ml","null","null","买家已付款，等待卖家发货","YJ-BSL034"
="1060864960095530259","韩国进口半年抛美瞳年抛女小直径14.5大牌彩色隐形眼镜正品官网","188.00","1","YJ-JD027black700D","颜色分类：14.0奥德利黑糖黑 【日常百搭】收藏+加购买1副送1副;度数：700","null","null","买家已付款，等待卖家发货","YJ-JD027black700D"
="605250478680437702","女用g点刺激震动棒细小号点潮笔自慰器夫妻高潮情趣用具性玩具BQ","218.00","1","HTDCBpro002","颜色分类：柠檬黄-送润滑油+消毒液","null","null","买家已付款，等待卖家发货","HTDCBpro002"
="1061406402936227776","男士学生美瞳年抛大 小直径自然混血彩色隐形近视眼镜半年抛2","280.00","1","YJ-JD027black650D","颜色分类：奥德利黑糖黑-年抛【收藏加购买一送二】;度数：650","null","null","买家已付款，等待卖家发货","YJ-JD027black650D"
="1061554371003255216","卫康新视美瞳清洗液近视隐形眼镜护理液80ml*2小瓶旅行装便携包邮","40.00","1","YJ-ZH001","null","null","null","买家已付款，等待卖家发货","YJ-ZH001"
="1061544963092813062","虹膜美瞳半年抛小直径13.8mm自然正品大牌年抛女隐形眼镜仿生瞳棕","188.00","1","YJ-JD022brown0D","颜色分类：虹膜棕（透亮的棕色秋冬 搭配淡妆，显白提气质！）;度数：0","null","null","买家已付款，等待卖家发货","YJ-JD022brown0D"
="1061402146245560910","博士伦隐形影形近视眼镜护理液润明美瞳清洗液120ml小瓶装正品","110.00","1","YJ-ZH021","颜色分类：120ml+润眼液8ml","null","null","买家已付款，等待卖家发货","YJ-ZH021"
="1061371841741500388","美瞳年抛女小直径半年抛隐形眼镜韩国正品大牌桥本环奈同款鹿屿棕","119.00","1","YJ-JD029brown0D","颜色分类：鹿屿棕14.0年抛【桥本环奈同款】收藏加购买1副送1副;度数：0","null","null","买家已付款，等待卖家发货","YJ-JD029brown0D"
="1060838304116914827","海俪恩美瞳女彩色隐形近视眼镜小直径半年抛盒自然舒适正品大牌","103.00","2","YJ-HC001Black0D","颜色分类：萤之光黑（斩男神器 初恋般清澈少女瞳）;度数：0","null","null","买家已付款，等待卖家发货","YJ-HC001Black0D"
="1061531171096897232","美瞳年抛女小直径半年抛隐形眼镜韩国正品大牌桥本环奈同款鹿屿棕","119.00","1","YJ-NO002Hblack0D","颜色分类：薄瑾棕褐14.2半年【韩国进口】收藏加购买1副送1副;度数：0","null","null","买家已付款，等待卖家发货","YJ-NO002Hblack0D"
="1061531235064439815","凯达美瞳 隐形近视眼镜盒自动清洗器 手动自动usb电动清洗机可爱","18.80","1","YJ-KD006greenQW","颜色分类：青蛙绿色/电池款","null","null","买家已付款，等待卖家发货","YJ-KD006greenQW"
="1060824928965586655","博士伦隐形影形近视眼镜护理液润明美瞳清洗液120ml小瓶装正品","110.00","1","YJ-ZH021","颜色分类：120ml+润眼液8ml","null","null","买家已付款，等待卖家发货","YJ-ZH021"
="596375270706871294","男士学生美瞳年抛大 小直径自然混血彩色隐形近视眼镜半年抛2","280.00","1","YJ-JD017black325D","颜色分类：香蜜黑-年抛【收藏加购买一送二】;度数：325","null","null","买家已付款，等待卖家发货","YJ-JD017black325D"
="1060825856429482474","韩国进口半年抛美瞳年抛女小直径14.5大牌彩色隐形眼镜正品官网","188.00","1","YJ-JD028grey325D","颜色分类：14.0琥珀灰 【日常百搭】收藏+加购买1副送1副;度数：325","null","null","买家已付款，等待卖家发货","YJ-JD028grey325D"
="1061355841352090436","米阿卡 阿奇霉素干混悬剂 0.1g*6袋/盒支气管炎、肺炎下呼吸道感染皮肤软组织感染鼻窦炎、中耳炎咽炎扁桃体炎yp","6.80","2","1036955","套餐类型：标准装","null","null","买家已付款，等待卖家发货","1036955"
="1060814784803255744","男士学生美瞳年抛大 小直径自然混血彩色隐形近视眼镜半年抛2","280.00","1","YJ-JD016brown450D","颜色分类：漫木褐-半年抛【收藏加购买一送二】;度数：450","null","null","买家已付款，等待卖家发货","YJ-JD016brown450D"
="1060814784803255744","男士学生美瞳年抛大 小直径自然混血彩色隐形近视眼镜半年抛2","280.00","1","YJ-JD026brown450D","颜色分类：咖啡棕-年抛【收藏加购买一送二】;度数：450","null","null","买家已付款，等待卖家发货","YJ-JD026brown450D"
="1061366050711738035","2片装自然美正品美瞳小直径13.8mm自然隐形近视眼镜半年抛非年抛","109.00","1","YJ-ZRM002BlackSJ275D","颜色分类：晶彩水晶黑;度数：275","null","null","买家已付款，等待卖家发货","YJ-ZRM002BlackSJ275D"
="1061366050711738035","2片装自然美正品美瞳小直径13.8mm自然隐形近视眼镜半年抛非年抛","109.00","1","YJ-ZRM002BlackSJ250D","颜色分类：晶彩水晶黑;度数：250","null","null","买家已付款，等待卖家发货","YJ-ZRM002BlackSJ250D"
="1061342657463984692","海昌隐形近视眼镜护理液60ml*2美瞳清洗液500+120小瓶装便携保湿","14.80","1","YJ-HC089","颜色分类：海昌营养视护能120ml*1（有效期2021年3月）","null","null","买家已付款，等待卖家发货","YJ-HC089"
="1061361090555432240","海昌隐形近视眼镜护理液60ml*2美瞳清洗液500+120小瓶装便携保湿","16.80","1","YJ-ZH003","颜色分类：海昌spa60ml*2","null","null","买家已付款，等待卖家发货","YJ-ZH003"
="1061321089364433293","凯达美瞳 隐形近视眼镜盒自动清洗器 手动自动usb电动清洗机可爱","21.80","1","YJ-KD014white","颜色分类：白鸭子/两用款","null","null","买家已付款，等待卖家发货","YJ-KD014white"
="1061469859466580336","男士学生美瞳年抛大 小直径自然混血彩色隐形近视眼镜半年抛2","280.00","1","YJ-JD017black300D","颜色分类：香蜜黑-年抛【收藏加购买一送二】;度数：300","null","null","买家已付款，等待卖家发货","YJ-JD017black300D"
="1061314210941449513","2片美瞳年抛女网红款bebebest大直径14.8mm混血冰露隐形近视眼镜","188.00","1","YJ-JD017black100D","颜色分类：冰露黑(大直径14.2mm);度数：100","null","null","买家已付款，等待卖家发货","YJ-JD017black100D"
="1060735104443751558","美瞳年抛女小直径半年抛隐形眼镜韩国正品大牌桥本环奈同款鹿屿棕","119.00","1","YJ-JD027black325D","颜色分类：奥德利黑糖黑14.0年抛【学生党力荐】收藏加购买1副送1副;度数：325","null","null","买家已付款，等待卖家发货","YJ-JD027black325D"
="1060731328504163674","海昌隐形近视眼镜护理液60ml*2美瞳清洗液500+120小瓶装便携保湿","12.80","1","YJ-HC007","颜色分类：海昌spa60ml","null","null","买家已付款，等待卖家发货","YJ-HC007"
="1060731328504163674","海昌SHE 润眼液5ml 美瞳眼境 隐形近视眼镜专用滴眼液 润滑液","15.00","1","YJ-HC012","null","null","null","买家已付款，等待卖家发货","YJ-HC012"
="1061249313251727760","neo韩国进口acelens美瞳女年抛隐形眼镜小直径混血灰官网正品大牌","80.00","1","YJ-HC067JMCH325D","颜色分类：巨目巧克力;度数：325","null","null","买家已付款，等待卖家发货","YJ-HC067JMCH325D"
="1061249313251727760","neo韩国进口acelens美瞳女年抛隐形眼镜小直径混血灰官网正品大牌","80.00","1","YJ-HC067JMCH225D","颜色分类：巨目巧克力;度数：225","null","null","买家已付款，等待卖家发货","YJ-HC067JMCH225D"
="1061396867175818510","海昌隐形近视眼镜护理液60ml*2美瞳清洗液500+120小瓶装便携保湿","16.80","1","YJ-ZH003","颜色分类：海昌spa60ml*2","null","null","买家已付款，等待卖家发货","YJ-ZH003"
="605001229996946400","lens me美瞳女小直径自然琥珀棕隐形近视眼镜官网正品大牌2片季抛","280.00","1","YJ-MDQ001BrownD475D","颜色分类：黛棕-2片装（超级自然心机的斩男色美瞳）;度数：475","null","null","买家已付款，等待卖家发货","YJ-MDQ001BrownD475D"
="1061235426944780358","海俪恩 隐形近视眼镜 半年抛隐型眼境1片装超薄 透明","60.00","2","YJ-HC084Trans400D","度数：400","null","null","买家已付款，等待卖家发货","YJ-HC084Trans400D"
="1061201761576707010","男士学生美瞳年抛大 小直径自然混血彩色隐形近视眼镜半年抛2","280.00","1","YJ-JD017black275D","颜色分类：香蜜黑-年抛【收藏加购买一送二】;度数：275","null","null","买家已付款，等待卖家发货","YJ-JD017black275D"
="1061372803624387563","neo 韩国隐形眼镜美瞳小直径13.8mm女学生自然小黑环巧克力半年抛","198.00","2","YJ-NEO004Gray700D","颜色分类：N245小灰环;度数：700","null","null","买家已付款，等待卖家发货","YJ-NEO004Gray700D"
="1060666720736982936","凯达美瞳 隐形近视眼镜盒自动清洗器 手动自动usb电动清洗机可爱","21.80","1","YJ-KD014white","颜色分类：白鸭子/两用款","null","null","买家已付款，等待卖家发货","YJ-KD014white"
="1061196193420424043","男士学生美瞳年抛大 小直径自然混血彩色隐形近视眼镜半年抛2","280.00","1","YJ-JD019qbrown300D","颜色分类：柔光棕-年抛【收藏加购买一送二】;度数：300","null","null","买家已付款，等待卖家发货","YJ-JD019qbrown300D"
="1061196193420424043","男士学生美瞳年抛大 小直径自然混血彩色隐形近视眼镜半年抛2","280.00","1","YJ-JD019qbrown400D","颜色分类：柔光棕-年抛【收藏加购买一送二】;度数：400","null","null","买家已付款，等待卖家发货","YJ-JD019qbrown400D"
="596306501225015095","凯达美瞳 隐形近视眼镜盒自动清洗器 手动自动usb电动清洗机可爱","16.80","1","YJ-KD005red","颜色分类：透明粉/电池款","null","null","买家已付款，等待卖家发货","YJ-KD005red"
="1061162977856237126","凯达美瞳 隐形近视眼镜盒自动清洗器 手动自动usb电动清洗机可爱","16.80","1","YJ-KD005red","颜色分类：透明粉/电池款","null","null","买家已付款，等待卖家发货","YJ-KD005red"
="1061188738362762241","男士学生美瞳年抛大 小直径自然混血彩色隐形近视眼镜半年抛2","280.00","1","YJ-JD005Black200D","颜色分类：小黑环-年抛【收藏加购买一送二】;度数：200","null","null","买家已付款，等待卖家发货","YJ-JD005Black200D"
="596362535525164795","2片韩国neo美瞳大 小直径星空棕紫正品大牌隐形眼镜混血半年抛","180.00","1","YJ-NEO006purple450D","颜色分类：星空紫;度数：450","null","null","买家已付款，等待卖家发货","YJ-NEO006purple450D"
="596362535525164795","2片韩国neo美瞳大 小直径星空棕紫正品大牌隐形眼镜混血半年抛","180.00","1","YJ-NEO006Xbrown450D","颜色分类：星空棕;度数：450","null","null","买家已付款，等待卖家发货","YJ-NEO006Xbrown450D"
="1060625376671552080","海昌隐形近视眼镜护理液60ml*2美瞳清洗液500+120小瓶装便携保湿","16.80","1","YJ-ZH003","颜色分类：海昌spa60ml*2","null","null","买家已付款，等待卖家发货","YJ-ZH003"
="1060612960566754356","凯达美瞳 隐形近视眼镜盒自动清洗器 手动自动usb电动清洗机可爱","18.80","1","YJ-KD006greenQW","颜色分类：青蛙绿色/电池款","null","null","买家已付款，等待卖家发货","YJ-KD006greenQW"
="1061161954759848945","海俪恩美瞳女彩色隐形近视眼镜小直径半年抛盒自然舒适正品大牌","103.00","1","YJ-HC001Brown500D","颜色分类：萤之光可棕（ 日常通勤必备的百搭瞳）;度数：500","null","null","买家已付款，等待卖家发货","YJ-HC001Brown500D"
="1061161954759848945","海俪恩美瞳女彩色隐形近视眼镜小直径半年抛盒自然舒适正品大牌","103.00","1","YJ-HC001Brown425D","颜色分类：萤之光可棕（ 日常通勤必备的百搭瞳）;度数：425","null","null","买家已付款，等待卖家发货","YJ-HC001Brown425D"
="1060599264358254893","美瞳年抛女小直径半年抛隐形眼镜韩国正品大牌桥本环奈同款鹿屿棕","119.00","1","YJ-JD029brown0D","颜色分类：鹿屿棕14.0年抛【桥本环奈同款】收藏加购买1副送1副;度数：0","null","null","买家已付款，等待卖家发货","YJ-JD029brown0D"
="604996685672230400","博士伦隐形影形近视眼镜护理液润明美瞳清洗液120ml小瓶装正品","110.00","1","YJ-BSL034","颜色分类：120ml","null","null","买家已付款，等待卖家发货","YJ-BSL034"
="1061148898190897760","男士学生美瞳年抛大 小直径自然混血彩色隐形近视眼镜半年抛2","280.00","1","YJ-JD017blue0D","颜色分类：香蜜蓝-年抛【收藏加购买一送二】;度数：0","null","null","买家已付款，等待卖家发货","YJ-JD017blue0D"
="605233710923473801","海昌隐形近视眼镜护理液60ml*2美瞳清洗液500+120小瓶装便携保湿","16.80","1","YJ-ZH003","颜色分类：海昌spa60ml*2","null","null","买家已付款，等待卖家发货","YJ-ZH003"
="1061138658102358574","海俪恩半年抛美瞳女隐形近视眼镜小直径混血自然网红同款正品大牌","99.00","1","YJ-HC001Gray525D","颜色分类：萤之光灰;度数：525","null","null","买家已付款，等待卖家发货","YJ-HC001Gray525D"
="1061138658102358574","海俪恩半年抛美瞳女隐形近视眼镜小直径混血自然网红同款正品大牌","99.00","1","YJ-HC001Gray500D","颜色分类：萤之光灰;度数：500","null","null","买家已付款，等待卖家发货","YJ-HC001Gray500D"
="1061112802468473358","韩国进口半年抛美瞳年抛女小直径14.5大牌彩色隐形眼镜正品官网","188.00","1","YJ-JD028brown275D","颜色分类：14.0琥珀棕 断货王【桥本同款琥珀瞳】收藏+加购买1副送1副;度数：275","null","null","买家已付款，等待卖家发货","YJ-JD028brown275D"
="596300293358605298","小黑环美瞳小直径13.8mm自然半年抛盒彩色隐形近视眼镜棕色年抛女","118.00","1","YJ-JD005Brown375D","颜色分类：小棕环（年抛）;度数：375","null","null","买家已付款，等待卖家发货","YJ-JD005Brown375D"
="1061053697009764349","韩国进口半年抛美瞳年抛女小直径14.5大牌彩色隐形眼镜正品官网","188.00","1","YJ-JD028brown300D","颜色分类：14.0琥珀棕 断货王【桥本同款琥珀瞳】收藏+加购买1副送1副;度数：300","null","null","买家已付款，等待卖家发货","YJ-JD028brown300D"
="1061221411672416876","凯达美瞳 隐形近视眼镜盒自动清洗器 手动自动usb电动清洗机可爱","21.80","1","YJ-KD014white","颜色分类：白鸭子/两用款","null","null","买家已付款，等待卖家发货","YJ-KD014white"
="1061072642681578432","2片装自然美正品美瞳小直径13.8mm自然隐形近视眼镜半年抛非年抛","109.00","1","YJ-ZRM002BlackSJ350D","颜色分类：晶彩水晶黑;度数：350","null","null","买家已付款，等待卖家发货","YJ-ZRM002BlackSJ350D"
="1061217859113928318","2片雾黎美瞳年抛女小直径自然acelens隐形眼镜半年抛官网正品大牌","188.00","1","YJ-JD016brown125D","颜色分类：漫木褐14.0【网红爆款】;度数：125","null","null","买家已付款，等待卖家发货","YJ-JD016brown125D"
="1060507520627780346","海俪恩美瞳女彩色隐形近视眼镜小直径半年抛盒自然舒适正品大牌","103.00","2","YJ-HC001Brown700D","颜色分类：萤之光可棕（ 日常通勤必备的百搭瞳）;度数：700","null","null","买家已付款，等待卖家发货","YJ-HC001Brown700D"
="1061035233224427707","博士伦隐形影形近视眼镜护理液润明美瞳清洗液120ml小瓶装正品","110.00","1","YJ-BSL034","颜色分类：120ml","null","null","买家已付款，等待卖家发货","YJ-BSL034"
="1061198243698464947","顺丰】博士伦清朗散光定制隐形型近视眼镜月抛3片装超薄透明眼境","435.00","1","YJ-BSL030","度数：平光","null","null","买家已付款，等待卖家发货","YJ-BSL030"
="605266063557665600","进口pjur阴道润滑油剂液人体夫妻房事女水溶性情趣免洗私处精油BQ","516.00","1","HTPJUR001","颜色分类：绿色瓶_滋润型100ml+礼品","null","null","买家已付款，等待卖家发货","HTPJUR001"
="1060492032916624010","海俪恩美瞳女彩色隐形近视眼镜小直径半年抛盒自然舒适正品大牌","103.00","2","YJ-HC001Black150D","颜色分类：萤之光黑（斩男神器 初恋般清澈少女瞳）;度数：150","null","null","买家已付款，等待卖家发货","YJ-HC001Black150D"
="1061193347078853931","博士伦隐形影形近视眼镜护理液润明美瞳清洗液120ml小瓶装正品","110.00","1","YJ-ZH020","颜色分类：120ml*2","null","null","买家已付款，等待卖家发货","YJ-ZH020"
="1061193347078853931","海俪恩美瞳女彩色隐形近视眼镜小直径半年抛盒自然舒适正品大牌","103.00","1","YJ-HC001Black300D","颜色分类：萤之光黑（斩男神器 初恋般清澈少女瞳）;度数：300","null","null","买家已付款，等待卖家发货","YJ-HC001Black300D"
="1061193347078853931","海俪恩美瞳女彩色隐形近视眼镜小直径半年抛盒自然舒适正品大牌","103.00","1","YJ-HC001Black350D","颜色分类：萤之光黑（斩男神器 初恋般清澈少女瞳）;度数：350","null","null","买家已付款，等待卖家发货","YJ-HC001Black350D"
="1061011201452911827","yukicon美瞳年抛大小直径混血网红款女14.8mm欧美蓝近视隐形眼镜","180.00","1","YJ-JD013Qgrey0D","颜色分类：欧美青灰;度数：0","null","null","买家已付款，等待卖家发货","YJ-JD013Qgrey0D"
="1061013249274388038","巨泰 巨泰 阿莫西林克拉维酸钾胶囊(4:1) 156.25mg*18粒/盒敏感菌引起的各种感染yp","14.30","2","1015462","套餐类型：标准装","null","null","买家已付款，等待卖家发货","1015462"
="1061036226580775514","博士伦隐形影形近视眼镜护理液润明美瞳清洗液120ml小瓶装正品","110.00","1","YJ-BSL034","颜色分类：120ml","null","null","买家已付款，等待卖家发货","YJ-BSL034"
="1061178435227330339","yukicon美瞳年抛大小直径混血网红款女14.8mm欧美蓝近视隐形眼镜","180.00","1","YJ-JD017gray500D","颜色分类：香蜜灰;度数：500","null","null","买家已付款，等待卖家发货","YJ-JD017gray500D"
="596297509740452998","海俪恩美瞳女彩色隐形近视眼镜小直径半年抛盒自然舒适正品大牌","103.00","1","YJ-HC001Gray500D","颜色分类：萤之光灰（通勤素颜款提亮双眼更加无辜 ）;度数：500","null","null","买家已付款，等待卖家发货","YJ-HC001Gray500D"
="1061165635825612917","小黑环美瞳小直径13.8mm自然半年抛盒彩色隐形近视眼镜棕色年抛女","118.00","1","YJ-JD005Black275D","颜色分类：小黑环（年抛）;度数：275","null","null","买家已付款，等待卖家发货","YJ-JD005Black275D"
="1061023810678657658","凯达美瞳 隐形近视眼镜盒自动清洗器 手动自动usb电动清洗机可爱","16.80","1","YJ-KD005red","颜色分类：透明粉/电池款","null","null","买家已付款，等待卖家发货","YJ-KD005red"
="1061018722549201587","美瞳年抛女小直径半年抛隐形眼镜韩国正品大牌桥本环奈同款鹿屿棕","119.00","1","YJ-JD029brown600D","颜色分类：鹿屿棕14.0年抛【桥本环奈同款】收藏加购买1副送1副;度数：600","null","null","买家已付款，等待卖家发货","YJ-JD029brown600D"
="1060453952628678225","博士伦隐形影形近视眼镜护理液润明美瞳清洗液120ml小瓶装正品","110.00","1","YJ-BSL034","颜色分类：120ml","null","null","买家已付款，等待卖家发货","YJ-BSL034"
="1061154499042622286","美瞳年抛女小直径半年抛隐形眼镜韩国正品大牌桥本环奈同款鹿屿棕","119.00","1","YJ-JD029brown100D","颜色分类：鹿屿棕14.0年抛【桥本环奈同款】收藏加购买1副送1副;度数：100","null","null","买家已付款，等待卖家发货","YJ-JD029brown100D"
="1061002914921850836","韩国进口半年抛美瞳年抛女小直径14.5大牌彩色隐形眼镜正品官网","188.00","1","YJ-JD027black150D","颜色分类：14.0奥德利黑糖黑 【日常百搭】收藏+加购买1副送1副;度数：150","null","null","买家已付款，等待卖家发货","YJ-JD027black150D"
="1061147267248475126","路迪 地红霉素肠溶胶囊 0.25g*6粒/盒yp","15.60","2","1015553","套餐类型：标准装","null","null","买家已付款，等待卖家发货","1015553"
="1060954625688023560","男士学生美瞳年抛大 小直径自然混血彩色隐形近视眼镜半年抛2","280.00","1","YJ-JD019qbrown350D","颜色分类：柔光棕-年抛【收藏加购买一送二】;度数：350","null","null","买家已付款，等待卖家发货","YJ-JD019qbrown350D"
="1060954625688023560","男士学生美瞳年抛大 小直径自然混血彩色隐形近视眼镜半年抛2","280.00","1","YJ-JD005Black350D","颜色分类：小黑环-年抛【收藏加购买一送二】;度数：350","null","null","买家已付款，等待卖家发货","YJ-JD005Black350D"
="1060944993913497544","博士伦隐形影形近视眼镜护理液润明美瞳清洗液120ml小瓶装正品","110.00","1","YJ-ZH020","颜色分类：120ml*2","null","null","买家已付款，等待卖家发货","YJ-ZH020"
="1060973986825268809","海俪恩美瞳女彩色隐形近视眼镜小直径半年抛盒自然舒适正品大牌","103.00","2","YJ-HC014brown325D","颜色分类：绯丽棕（没有文案买的就对了系列  你品 你细品）;度数：325","null","null","买家已付款，等待卖家发货","YJ-HC014brown325D"
="1060973986825268809","隐形眼镜盒便携双联近视可爱女伴侣盒简约清新收纳美瞳盒子网红款","35.80","1","YJ-KD037black","颜色分类：黑色","null","null","买家已付款，等待卖家发货","YJ-KD037black"
="1060973986825268809","海俪恩 隐形近视眼镜 半年抛隐型眼境1片装超薄 透明","60.00","2","YJ-HC084Trans325D","度数：325","null","null","买家已付款，等待卖家发货","YJ-HC084Trans325D"
="1061099587566270541","虹膜美瞳半年抛小直径13.8mm自然正品大牌年抛女隐形眼镜仿生瞳棕","188.00","1","YJ-JD022brown450D","颜色分类：虹膜棕（透亮的棕色秋冬 搭配淡妆，显白提气质！）;度数：450","null","null","买家已付款，等待卖家发货","YJ-JD022brown450D"
="1060390688865259014","小黑环美瞳小直径13.8mm自然半年抛盒彩色隐形近视眼镜棕色年抛女","118.00","1","YJ-JD005Black100D","颜色分类：小黑环（年抛）;度数：100","null","null","买家已付款，等待卖家发货","YJ-JD005Black100D"
="605071692600709205","海俪恩美瞳女彩色隐形近视眼镜小直径半年抛盒自然舒适正品大牌","103.00","2","YJ-HC001COCO100D","颜色分类：萤之光淡可可棕（ 浅棕色，自然改变瞳色 清澈透明质感）;度数：100","null","null","买家已付款，等待卖家发货","YJ-HC001COCO100D"
="1060948290516120936","海昌隐形近视眼镜护理液60ml*2美瞳清洗液500+120小瓶装便携保湿","26.80","1","YJ-ZH022","颜色分类：海昌营养视护能120*2（有效期2021年3月）","null","null","买家已付款，等待卖家发货","YJ-ZH022"
="1061071843593253380","人体润滑油液剂夫妻房事阴道水溶性男用私处免洗情趣爽滑性用品BQ","198.00","1","HTLH004","颜色分类：第二瓶半价【发两瓶】型号下单备注或联系客服","null","null","买家已付款，等待卖家发货","HTLH004"
="605070700139619705","博士伦隐形影形近视眼镜护理液润明美瞳清洗液120ml小瓶装正品","110.00","1","YJ-BSL034","颜色分类：120ml","null","null","买家已付款，等待卖家发货","YJ-BSL034"
="1060364544551518269","人体润滑油液剂夫妻房事阴道水溶性男用私处免洗情趣爽滑性用品BQ","198.00","1","HTLH001","颜色分类：芦荟爽滑型【店长推荐】+礼品+保密发货","null","null","买家已付款，等待卖家发货","HTLH001"
="1060894721136662816","博士伦隐形影形近视眼镜护理液润明美瞳清洗液120ml小瓶装正品","110.00","1","YJ-BSL034","颜色分类：120ml","null","null","买家已付款，等待卖家发货","YJ-BSL034"
="1060363136294505115","隐形眼镜盒便携双联近视可爱女伴侣盒简约清新收纳美瞳盒子网红款","35.80","1","YJ-KD037blue","颜色分类：蓝色","null","null","买家已付款，等待卖家发货","YJ-KD037blue"
="596291941290342097","卫康美瞳清洗液除蛋白近视隐形眼镜护理液80ml*4小瓶装便携保湿","80.00","1","YJ-ZH016","null","null","null","买家已付款，等待卖家发货","YJ-ZH016"
="596291941290342097","海俪恩美瞳女彩色隐形近视眼镜小直径半年抛盒自然舒适正品大牌","103.00","1","YJ-HC001Gray750D","颜色分类：萤之光灰（通勤素颜款提亮双眼更加无辜 ）;度数：750","null","null","买家已付款，等待卖家发货","YJ-HC001Gray750D"
="596291941290342097","海俪恩美瞳女彩色隐形近视眼镜小直径半年抛盒自然舒适正品大牌","103.00","1","YJ-HC001Gray800D","颜色分类：萤之光灰（通勤素颜款提亮双眼更加无辜 ）;度数：800","null","null","买家已付款，等待卖家发货","YJ-HC001Gray800D"
="1060885153036995742","护佑 脉络通胶囊 0.42g*12粒/盒 益气活血，化瘀止痛。适用于胸痹引起的心胸疼痛 胸闷气短 头痛眩晕及冠心病 ","45.00","2","1046104","套餐类型：标准装","null","null","买家已付款，等待卖家发货","1046104"
="1061048131755158732","进口pjur阴道润滑油剂液人体夫妻房事女水溶性情趣免洗私处精油BQ","516.00","1","HTPJUR001","颜色分类：绿色瓶_滋润型100ml+礼品","null","null","买家已付款，等待卖家发货","HTPJUR001"
="1060899202688454520","2片雾黎美瞳年抛女小直径自然acelens隐形眼镜半年抛官网正品大牌","188.00","1","YJ-JD029brown700D","颜色分类：鹿光棕【acelens同款招牌花色】;度数：700","null","null","买家已付款，等待卖家发货","YJ-JD029brown700D"
="1060864225619026332","人体润滑油液剂夫妻房事阴道水溶性男用私处免洗情趣爽滑性用品BQ","198.00","1","HTLH001","颜色分类：芦荟爽滑型【店长推荐】+礼品+保密发货","null","null","买家已付款，等待卖家发货","HTLH001"
="1061035011494330146","进口pjur阴道润滑油剂液人体夫妻房事女水溶性情趣免洗私处精油BQ","516.00","1","HTPJUR001","颜色分类：绿色瓶_滋润型100ml+礼品","null","null","买家已付款，等待卖家发货","HTPJUR001"
="1060882114265045259","男士学生美瞳年抛大 小直径自然混血彩色隐形近视眼镜半年抛2","280.00","1","YJ-JD005Black275D","颜色分类：小黑环-年抛【收藏加购买一送二】;度数：275","null","null","买家已付款，等待卖家发货","YJ-JD005Black275D"
="1060847937320468125","海昌隐形近视眼镜护理液60ml*2美瞳清洗液500+120小瓶装便携保湿","26.80","1","YJ-ZH022","颜色分类：海昌营养视护能120*2（有效期2021年3月）","null","null","买家已付款，等待卖家发货","YJ-ZH022"
="596289541066099195","海俪恩美瞳女彩色隐形近视眼镜小直径半年抛盒自然舒适正品大牌","103.00","2","YJ-HC001Brown375D","颜色分类：萤之光可棕（ 日常通勤必备的百搭瞳）;度数：375","null","null","买家已付款，等待卖家发货","YJ-HC001Brown375D"
="1060298144858700936","男士学生美瞳年抛大 小直径自然混血彩色隐形近视眼镜半年抛2","280.00","1","YJ-JD017blue225D","颜色分类：香蜜蓝-年抛【收藏加购买一送二】;度数：225","null","null","买家已付款，等待卖家发货","YJ-JD017blue225D"
="1060825537917043471","卫康新视美瞳清洗液近视隐形眼镜护理液80ml*2小瓶旅行装便携包邮","40.00","1","YJ-ZH001","null","null","null","买家已付款，等待卖家发货","YJ-ZH001"
="1060996579092215618","海俪恩美瞳女彩色隐形近视眼镜小直径半年抛盒自然舒适正品大牌","103.00","2","YJ-HC001Brown700D","颜色分类：萤之光可棕（ 日常通勤必备的百搭瞳）;度数：700","null","null","买家已付款，等待卖家发货","YJ-HC001Brown700D"
="1060285312874193325","小地球美瞳peachcon同款半年抛大直径混血欧美彩色隐形眼镜年抛女","180.00","1","YJ-JD031green0D","颜色分类：小地球14.2mm火遍全网断货王;度数：0","null","null","买家已付款，等待卖家发货","YJ-JD031green0D"
="1060841890750894877","韩国进口半年抛美瞳年抛女小直径14.5大牌彩色隐形眼镜正品官网","188.00","1","YJ-NO002grey475D","颜色分类：14.2黎笙墨灰【韩国进口】收藏+加购买1副送1副;度数：475","null","null","买家已付款，等待卖家发货","YJ-NO002grey475D"
="1060840194633715189","博士伦隐形影形近视眼镜护理液润明美瞳清洗液120ml小瓶装正品","110.00","1","YJ-BSL034","颜色分类：120ml","null","null","买家已付款，等待卖家发货","YJ-BSL034"
="605217870308871503","凯达美瞳 隐形近视眼镜盒自动清洗器 手动自动usb电动清洗机可爱","16.80","1","YJ-KD005red","颜色分类：透明粉/电池款","null","null","买家已付款，等待卖家发货","YJ-KD005red"
="1060278880257568407","日本rich美瞳日抛30片装网红款混血隐形眼镜大 小直径envie梨花女","654.00","1","YJ-RS001grey150D","颜色分类：泪眼灰（日本S天Top款）;度数：150","null","null","买家已付款，等待卖家发货","YJ-RS001grey150D"
="1060970275983442252","男士学生美瞳年抛大 小直径自然混血彩色隐形近视眼镜半年抛2","280.00","1","YJ-JD017black275D","颜色分类：香蜜黑-年抛【收藏加购买一送二】;度数：275","null","null","买家已付款，等待卖家发货","YJ-JD017black275D"
="1060796833113588192","凯达美瞳 隐形近视眼镜盒自动清洗器 手动自动usb电动清洗机可爱","16.80","1","YJ-KD005red","颜色分类：透明粉/电池款","null","null","买家已付款，等待卖家发货","YJ-KD005red"
="604980397848060003","海俪恩美瞳女彩色隐形近视眼镜小直径半年抛盒自然舒适正品大牌","103.00","1","YJ-HC001Brown400D","颜色分类：萤之光可棕（ 日常通勤必备的百搭瞳）;度数：400","null","null","买家已付款，等待卖家发货","YJ-HC001Brown400D"
="604980397848060003","海俪恩美瞳女彩色隐形近视眼镜小直径半年抛盒自然舒适正品大牌","103.00","1","YJ-HC001Gray525D","颜色分类：萤之光灰（通勤素颜款提亮双眼更加无辜 ）;度数：525","null","null","买家已付款，等待卖家发货","YJ-HC001Gray525D"
="1060254208720025037","海俪恩美瞳女彩色隐形近视眼镜小直径半年抛盒自然舒适正品大牌","103.00","1","YJ-HC004brown425D","颜色分类：心跳棕-春夏新款（深瞳妹子秒变瞳色 融瞳效果满分）;度数：425","null","null","买家已付款，等待卖家发货","YJ-HC004brown425D"
="1060254208720025037","海俪恩美瞳女彩色隐形近视眼镜小直径半年抛盒自然舒适正品大牌","103.00","1","YJ-HC004brown450D","颜色分类：心跳棕-春夏新款（深瞳妹子秒变瞳色 融瞳效果满分）;度数：450","null","null","买家已付款，等待卖家发货","YJ-HC004brown450D"
="1060954339394539152","海昌隐形近视眼镜护理液60ml*2美瞳清洗液500+120小瓶装便携保湿","16.80","1","YJ-ZH003","颜色分类：海昌spa60ml*2","null","null","买家已付款，等待卖家发货","YJ-ZH003"
="1060246112699708129","海昌隐形近视眼镜护理液60ml*2美瞳清洗液500+120小瓶装便携保湿","16.80","1","YJ-ZH003","颜色分类：海昌spa60ml*2","null","null","买家已付款，等待卖家发货","YJ-ZH003"
="1060772705198203648","海俪恩 隐形近视眼镜 半年抛隐型眼境1片装超薄 透明","60.00","2","YJ-HC084Trans275D","度数：275","null","null","买家已付款，等待卖家发货","YJ-HC084Trans275D"
="1060796194964495124","博士伦隐形影形近视眼镜护理液润明美瞳清洗液120ml小瓶装正品","110.00","1","YJ-ZH020","颜色分类：120ml*2","null","null","买家已付款，等待卖家发货","YJ-ZH020"
="1060235200778674319","卫康美瞳清洗液除蛋白近视隐形眼镜护理液80ml*4小瓶装便携保湿","80.00","1","YJ-ZH016","null","null","null","买家已付款，等待卖家发货","YJ-ZH016"
="1060795970419423560","海俪恩隐形眼镜森呼吸多效护理液大小瓶500+120ml美瞳保湿除蛋白","68.00","1","YJ-HC087","null","null","null","买家已付款，等待卖家发货","YJ-HC087"
="1060792610988402449","海俪恩美瞳女彩色隐形近视眼镜小直径半年抛盒自然舒适正品大牌","103.00","2","YJ-HC014brown200D","颜色分类：绯丽棕（没有文案买的就对了系列  你品 你细品）;度数：200","null","null","买家已付款，等待卖家发货","YJ-HC014brown200D"
="1060759553695365162","男士学生美瞳年抛大 小直径自然混血彩色隐形近视眼镜半年抛2","280.00","1","YJ-JD026brown250D","颜色分类：咖啡棕-年抛【收藏加购买一送二】;度数：250","null","null","买家已付款，等待卖家发货","YJ-JD026brown250D"
="1060759553695365162","博士伦 美瞳隐形近视眼镜护理液  润明500ml 清洗液免揉搓 除蛋白","80.00","1","YJ-BSL021","null","null","null","买家已付款，等待卖家发货","YJ-BSL021"
="1060229376629672318","凯达美瞳 隐形近视眼镜盒自动清洗器 手动自动usb电动清洗机可爱","18.80","1","YJ-KD006pink","颜色分类：青蛙粉色/电池款","null","null","买家已付款，等待卖家发货","YJ-KD006pink"
="1060930563027423560","海俪恩美瞳女彩色隐形近视眼镜小直径半年抛盒自然舒适正品大牌","103.00","1","YJ-HC001Blue350D","颜色分类：萤之光蓝（猫猫眼效果）;度数：350","null","null","买家已付款，等待卖家发货","YJ-HC001Blue350D"
="1060930563027423560","海俪恩美瞳女彩色隐形近视眼镜小直径半年抛盒自然舒适正品大牌","103.00","1","YJ-HC001Blue275D","颜色分类：萤之光蓝（猫猫眼效果）;度数：275","null","null","买家已付款，等待卖家发货","YJ-HC001Blue275D"
="1060747041845554327","诺捷康 罗红霉素胶囊 75mg*12粒/盒咽炎 扁桃体炎 鼻窦炎 中耳炎 急性支气管炎 慢性支气管炎 肺炎 尿道炎和","2.00","1","1015534","套餐类型：标准装","null","null","买家已付款，等待卖家发货","1015534"
="1060748449500494328","博士伦隐形影形近视眼镜护理液润明美瞳清洗液120ml小瓶装正品","110.00","1","YJ-ZH020","颜色分类：120ml*2","null","null","买家已付款，等待卖家发货","YJ-ZH020"
="1060918339156190855","博士伦隐形影形近视眼镜护理液润明美瞳清洗液120ml小瓶装正品","110.00","1","YJ-ZH020","颜色分类：120ml*2","null","null","买家已付款，等待卖家发货","YJ-ZH020"
="1060899075737550050","海俪恩美瞳女彩色隐形近视眼镜小直径半年抛盒自然舒适正品大牌","103.00","2","YJ-HC014balck550D","颜色分类：清新黑（值得无限回购的一款）;度数：550","null","null","买家已付款，等待卖家发货","YJ-HC014balck550D"
="1060724929784043913","海俪恩美瞳女彩色隐形近视眼镜小直径半年抛盒自然舒适正品大牌","103.00","2","YJ-HC001Black0D","颜色分类：萤之光黑（斩男神器 初恋般清澈少女瞳）;度数：0","null","null","买家已付款，等待卖家发货","YJ-HC001Black0D"
="1060748290416117527","韩国进口半年抛美瞳年抛女小直径14.5大牌彩色隐形眼镜正品官网","188.00","1","YJ-JD027black0D","颜色分类：14.0奥德利黑糖黑 【日常百搭】收藏+加购买1副送1副;度数：0","null","null","买家已付款，等待卖家发货","YJ-JD027black0D"
="1060737538491876987","韩国进口半年抛美瞳年抛女小直径14.5大牌彩色隐形眼镜正品官网","188.00","1","YJ-JD027brown275D","颜色分类：14.0月兔色 【温柔减龄】收藏+加购买1副送1副;度数：275","null","null","买家已付款，等待卖家发货","YJ-JD027brown275D"
="1060737538491876987","海俪恩隐形眼镜森呼吸多效护理液大小瓶500+120ml美瞳保湿除蛋白","68.00","1","YJ-HC087","null","null","null","买家已付款，等待卖家发货","YJ-HC087"
="1060861251626990725","海俪恩美瞳女彩色隐形近视眼镜小直径半年抛盒自然舒适正品大牌","103.00","2","YJ-HC014balck800D","颜色分类：清新黑（值得无限回购的一款）;度数：800","null","null","买家已付款，等待卖家发货","YJ-HC014balck800D"
="1060856995600698527","2片雾黎美瞳年抛女小直径自然acelens隐形眼镜半年抛官网正品大牌","188.00","1","YJ-JD022brown275D","颜色分类：金粉奶奶・棕【约会必备】;度数：275","null","null","买家已付款，等待卖家发货","YJ-JD022brown275D"
="1060681857585258979","海昌隐形近视眼镜护理液60ml*2美瞳清洗液500+120小瓶装便携保湿","16.80","1","YJ-ZH003","颜色分类：海昌spa60ml*2","null","null","买家已付款，等待卖家发货","YJ-ZH003"
="1060678433878167044","博士伦美瞳隐形近视眼镜护理液博乐纯清洗液60ml*2便携旅行体验装","118.00","1","YJ-ZH029","颜色分类：博乐纯60ml单瓶+清透120ml（赠）","null","null","买家已付款，等待卖家发货","YJ-ZH029"
="1060678433878167044","凯达隐形收纳双联多副装简约眼镜盒伴侣盒多宫格美瞳盒子小巧便携","35.00","1","YJ-KD039silver","颜色分类：四宫格（银色）","null","null","买家已付款，等待卖家发货","YJ-KD039silver"
="1060678433878167044","海昌SHE 润眼液5ml 美瞳眼境 隐形近视眼镜专用滴眼液 润滑液","15.00","2","YJ-HC012","null","null","null","买家已付款，等待卖家发货","YJ-HC012"
="1060851395127997622","凯达美瞳 隐形近视眼镜盒自动清洗器 手动自动usb电动清洗机可爱","18.80","1","YJ-KD006blue","颜色分类：青蛙蓝色/电池款","null","null","买家已付款，等待卖家发货","YJ-KD006blue"
="1060846915492164436","博士伦隐形影形近视眼镜护理液润明美瞳清洗液120ml小瓶装正品","110.00","1","YJ-BSL034","颜色分类：120ml","null","null","交易关闭","YJ-BSL034"
="1060846915492164436","凯达美瞳 隐形近视眼镜盒自动清洗器 手动自动usb电动清洗机可爱","18.80","1","YJ-KD006greenQW","颜色分类：青蛙绿色/电池款","null","null","买家已付款，等待卖家发货","YJ-KD006greenQW"
="1060706018710237366","美瞳年抛女小直径半年抛隐形眼镜韩国正品大牌桥本环奈同款鹿屿棕","119.00","1","YJ-JD029brown0D","颜色分类：鹿屿棕14.0年抛【桥本环奈同款】收藏加购买1副送1副;度数：0","null","null","买家已付款，等待卖家发货","YJ-JD029brown0D"
="1060671361429133818","小黑环美瞳小直径13.8mm自然半年抛盒彩色隐形近视眼镜棕色年抛女","118.00","1","YJ-JD005Black175D","颜色分类：小黑环（年抛）;度数：175","null","null","买家已付款，等待卖家发货","YJ-JD005Black175D"
="596161668266869697","男士学生美瞳年抛大 小直径自然混血彩色隐形近视眼镜半年抛2","280.00","1","YJ-JD018grey300D","颜色分类：初晴灰-年抛【收藏加购买一送二】;度数：300","null","null","买家已付款，等待卖家发货","YJ-JD018grey300D"
="1060701922033989337","虹膜美瞳半年抛小直径13.8mm自然正品大牌年抛女隐形眼镜仿生瞳棕","188.00","1","YJ-JD022brown275D","颜色分类：虹膜棕（透亮的棕色秋冬 搭配淡妆，显白提气质！）;度数：275","null","null","买家已付款，等待卖家发货","YJ-JD022brown275D"
="1060128800712142018","男士学生美瞳年抛大 小直径自然混血彩色隐形近视眼镜半年抛2","280.00","1","YJ-JD019qbrown300D","颜色分类：柔光棕-年抛【收藏加购买一送二】;度数：300","null","null","买家已付款，等待卖家发货","YJ-JD019qbrown300D"
="1060824355925238847","2片雾黎美瞳年抛女小直径自然acelens隐形眼镜半年抛官网正品大牌","188.00","1","YJ-JD016blue0D","颜色分类：漆目蓝14.0【欧美混血】;度数：0","null","null","买家已付款，等待卖家发货","YJ-JD016blue0D"
="1060812483803227417","凯达美瞳 隐形近视眼镜盒自动清洗器 手动自动usb电动清洗机可爱","18.80","1","YJ-KD006greenQW","颜色分类：青蛙绿色/电池款","null","null","买家已付款，等待卖家发货","YJ-KD006greenQW"
="1060269825070095509","海俪恩 隐形近视眼镜 半年抛隐型眼境1片装超薄 透明","60.00","1","YJ-HC084Trans250D","度数：250","null","null","买家已付款，等待卖家发货","YJ-HC084Trans250D"
="1060114625026470343","通泰 强力天麻杜仲胶囊 0.4克*48粒/盒散风活血，舒筋止痛用于中风引起的筋脉掣痛，肢体麻木，行走不便，腰腿酸痛，","18.50","6","1015828","套餐类型：标准装","null","null","买家已付款，等待卖家发货","1015828"
="1060041283067189718","诺灵盾 诺灵盾 盐酸洛美沙星胶囊 0.1g*12粒/盒呼吸道感染泌尿生殖系统感染胃肠道细菌感染腹腔胆道伤寒骨和关节感","3.40","1","1009065","套餐类型：标准装","null","null","买家已付款，等待卖家发货","1009065"
="1059697954058429968","修正 丹七片 0.3g*30片/盒 活血化瘀 通脉止痛 用于淤血闭阻所致的胸痹心痛 眩晕头疼 经期腹痛yp","36.30","10","1086289","套餐类型：标准装","null","null","买家已付款，等待卖家发货","1086289"
="1059622625758091744","诺灵盾 诺灵盾 盐酸洛美沙星胶囊 0.1g*12粒/盒呼吸道感染泌尿生殖系统感染胃肠道细菌感染腹腔胆道伤寒骨和关节感","3.40","3","1009065","套餐类型：标准装","null","null","买家已付款，等待卖家发货","1009065"
="605148910592948700","美瞳年抛女小直径半年抛隐形眼镜韩国正品大牌桥本环奈同款鹿屿棕","119.00","1","YJ-JD029brown650D","颜色分类：鹿屿棕14.0年抛【桥本环奈同款】收藏加购买1副送1副;度数：650","null","null","买家已付款，等待卖家发货","YJ-JD029brown650D"
="1059513698235191316","修正 丹七片 0.3g*30片/盒 活血化瘀 通脉止痛 用于淤血闭阻所致的胸痹心痛 眩晕头疼 经期腹痛yp","36.30","10","1086289","套餐类型：标准装","null","null","买家已付款，等待卖家发货","1086289"
="1058871712396247656","修正 丹七片 0.3g*30片/盒 活血化瘀 通脉止痛 用于淤血闭阻所致的胸痹心痛 眩晕头疼 经期腹痛yp","36.30","4","1086289","套餐类型：标准装","null","null","买家已付款，等待卖家发货","1086289"
="1058750336803851780","修正 丹七片 0.3g*30片/盒 活血化瘀 通脉止痛 用于淤血闭阻所致的胸痹心痛 眩晕头疼 经期腹痛yp","36.30","10","1086289","套餐类型：标准装","null","null","买家已付款，等待卖家发货","1086289"
="596192677775754394","顺丰】博士伦清朗散光定制隐形型近视眼镜月抛3片装超薄透明眼境","435.00","1","YJ-BSL030","度数：平光","null","null","买家已付款，等待卖家发货","YJ-BSL030"
="605128303911937805","顺丰】博士伦清朗散光定制隐形型近视眼镜月抛3片装超薄透明眼境","435.00","1","YJ-BSL030","度数：平光","null","null","买家已付款，等待卖家发货","YJ-BSL030"
="1058430273328682892","寿堂 人工牛黄甲硝唑胶囊 12粒*2板/盒急性智齿冠周炎牙髓炎 根尖周炎yp","3.90","3","1006984","套餐类型：标准装","null","null","买家已付款，等待卖家发货","1006984"
="1058013250973219685","甲红 人工牛黄甲硝唑胶囊 48粒/盒用于急性智齿冠周炎局部牙槽脓肿牙髓炎根尖周炎yp","8.30","1","1016331","套餐类型：标准装","null","null","买家已付款，等待卖家发货","1016331"
="1057875521995465373","迪诺洛克 泮托拉唑钠肠溶胶囊 40mg*10粒/盒适用于活动性消化性溃疡反流性食管炎和卓艾氏综合症yp","12.50","3","1037205","套餐类型：标准装","null","null","买家已付款，等待卖家发货","1037205"
="1057762370241621293","梦夫康 前列癃闭通片 0.52g*48片/盒 益气温阳活血利水用于肾虚血瘀所致癃闭症见尿频排尿延缓费力尿后余沥腰膝酸","18.60","4","1037300","套餐类型：标准装","null","null","买家已付款，等待卖家发货","1037300"
="1057655714474152568","诺灵盾 诺灵盾 盐酸洛美沙星胶囊 0.1g*12粒/盒呼吸道感染泌尿生殖系统感染胃肠道细菌感染腹腔胆道伤寒骨和关节感","3.40","3","1009065","套餐类型：标准装","null","null","买家已付款，等待卖家发货","1009065"
="1056893632672028839","迪诺洛克 泮托拉唑钠肠溶胶囊 40mg*10粒/盒适用于活动性消化性溃疡反流性食管炎和卓艾氏综合症yp","12.50","7","1037205","套餐类型：标准装","null","null","买家已付款，等待卖家发货","1037205"
="1056922657107247584","爱芙丽隐形近视眼镜散光矫正定做半年抛1片装男女士定制片包邮","358.00","2","YJ-AFL003","度数：平光","null","null","买家已付款，等待卖家发货","YJ-AFL003"
="1054914915350695322","爱芙丽隐形近视眼镜散光矫正定做半年抛1片装男女士定制片包邮","358.00","2","YJ-AFL003","度数：平光","null","null","买家已付款，等待卖家发货","YJ-AFL003"
="824883106904375251","振德一次性使用医用口罩30只 粉色 防尘护理口罩透气家用抽取式YP","26.80","3","1061038","颜色分类：粉红色","null","null","买家已付款，等待卖家发货","1061038"
="2128878409857759","康美 玫瑰花茶干玫瑰10g 袋装","3.50","1","30301441","包装方式：袋装","null","null","买家已付款，等待卖家发货","30301441"
="2128878409857759","【4片减5元】海俪恩美瞳半年抛1片 大小直径混血彩色隐形近视眼镜","103.00","1","YJ-HC001Black350D","左右眼：左眼;颜色分类：萤之光黑;度数：350","null","null","交易成功","YJ-HC001Black350D"
="2128878409857759","【4片减5元】海俪恩美瞳半年抛1片 大小直径混血彩色隐形近视眼镜","103.00","1","YJ-HC001Black500D","左右眼：右眼;颜色分类：萤之光黑;度数：500","null","null","交易成功","YJ-HC001Black500D"
